COSING Ref No,INCI name,CAS No,Function,Annex III entry,Printed in the regulation as,Source
94911,PINUS PUMILA NEEDLE EXTRACT,97676-05-6,"HAIR CONDITIONING, HUMECTANT, SKIN CONDITIONING",114,Pinus Pumila Needle Extract,https://ec.europa.eu/growth/tools-databases/cosing/details/94911
97382,MYROXYLON PEREIRAE RESIN EXTRACT,,"FRAGRANCE, SKIN CONDITIONING, FLAVOURING",154,Myroxylon Pereirae Resin Extract,https://ec.europa.eu/growth/tools-databases/cosing/details/97382
105176,LIPPIA CITRIODORA ABSOLUTE,8024-12-2,"FRAGRANCE, PERFUMING",196,Lippia citriodora absolute,https://ec.europa.eu/growth/tools-databases/cosing/details/105176
100220,DIMETHYL PHENETHYL ACETATE,151-05-3,FRAGRANCE,334,Dimethyl Phenethyl Acetate,https://ec.europa.eu/growth/tools-databases/cosing/details/100220
100221,TRIMETHYLCYCLOPENTENYL METHYLISOPENTENOL,67801-20-1,FRAGRANCE,339,Trimethylcyclopentenyl Methylisopentenol,https://ec.europa.eu/growth/tools-databases/cosing/details/100221
100652,CITRUS SINENSIS PEEL OIL,,"SKIN CONDITIONING - EMOLLIENT, HAIR CONDITIONING, SKIN PROTECTING",351,Citrus Sinensis Peel Oil,https://ec.europa.eu/growth/tools-databases/cosing/details/100652
100009,POGOSTEMON CABLIN OIL,8014-09-3,FRAGRANCE,365,Pogostemon Cablin Oil,https://ec.europa.eu/growth/tools-databases/cosing/details/100009
98688,ROSA ALBA FLOWER OIL,,FRAGRANCE,366,Rosa Alba Flower Oil,https://ec.europa.eu/growth/tools-databases/cosing/details/98688
105254,ROSA MOSCHATA FLOWER OIL,,"FRAGRANCE, PERFUMING",366,Rosa Moschata Flower Oil,https://ec.europa.eu/growth/tools-databases/cosing/details/105254
96872,HYDROXYPROPYL-P-PHENYLENEDIAMINE,73793-79-0,HAIR DYEING,384,Hydroxypropyl-p-phenylenediamine,https://ec.europa.eu/growth/tools-databases/cosing/details/96872
94208,HYDROXYPROPYL-P-PHENYLENEDIAMINE HCL,,HAIR DYEING,384,Hydroxypropyl-p-phenylenediamine 2HCl,https://ec.europa.eu/growth/tools-databases/cosing/details/94208
